Дата,UserID,Продукт,Количество,Цена
2023-10-01T13:27:33.077+03:00,550,Сноу-Борд,8,12.92
2024-01-01T13:27:33.077+03:00,815,Сноу-Борд,6,25.94
2023-11-18T13:27:33.077+03:00,313,Книга,4,21.39
2023-12-01T13:27:33.077+03:00,950,Кружка,3,52.92
2024-01-25T13:27:33.077+03:00,518,Книга,6,56.83
2024-05-18T13:27:33.077+03:00,461,Книга,9,43.67
2024-06-03T13:27:33.077+03:00,450,Ноутбук,3,22.46
2023-10-01T13:27:33.077+03:00,733,Кружка,5,94.72
2024-06-26T13:27:33.077+03:00,626,Сноу-Борд,3,76.14
2023-10-21T13:27:33.077+03:00,801,Кружка,6,10.94
2024-04-17T13:27:33.077+03:00,327,Молоко,2,88.99
2024-06-27T13:27:33.077+03:00,370,Книга,6,44.73
2024-03-15T13:27:33.077+03:00,581,Книга,1,18.91
2023-10-21T13:27:33.077+03:00,372,Ноутбук,10,82.05
2024-02-16T13:27:33.077+03:00,679,Ноутбук,9,96.34
2023-08-25T13:27:33.077+03:00,221,Книга,8,54.46
2024-01-24T13:27:33.077+03:00,107,Книга,1,87.17
2024-02-12T13:27:33.077+03:00,654,Молоко,3,95.04
2024-05-24T13:27:33.077+03:00,52,Кружка,7,36.5
2023-12-31T13:27:33.077+03:00,885,Книга,6,11.15
2024-06-16T13:27:33.077+03:00,955,Ноутбук,9,96.03
2024-06-10T13:27:33.077+03:00,25,Сноу-Борд,4,16.13
2024-01-27T13:27:33.077+03:00,651,Сноу-Борд,1,84.51
2023-11-18T13:27:33.077+03:00,987,Книга,2,53.83
2023-09-10T13:27:33.077+03:00,585,Книга,8,62.28
2024-06-02T13:27:33.077+03:00,195,Книга,2,90.18
2024-05-27T13:27:33.077+03:00,188,Кружка,9,99.18
2024-06-27T13:27:33.077+03:00,902,Сноу-Борд,5,94.0
2023-08-22T13:27:33.077+03:00,521,Книга,10,44.92
2024-05-09T13:27:33.077+03:00,624,Сноу-Борд,4,54.59
2023-09-06T13:27:33.077+03:00,195,Книга,4,67.81
2023-11-04T13:27:33.077+03:00,987,Сноу-Борд,5,47.62
2023-11-25T13:27:33.077+03:00,838,Сноу-Борд,7,37.96
2023-10-19T13:27:33.077+03:00,677,Ноутбук,10,22.33
2023-11-18T13:27:33.077+03:00,840,Сноу-Борд,6,46.55
2024-06-16T13:27:33.077+03:00,620,Книга,10,30.07
2024-03-06T13:27:33.077+03:00,902,Кружка,7,15.19
2023-10-15T13:27:33.077+03:00,989,Молоко,9,72.93
2024-05-08T13:27:33.077+03:00,645,Ноутбук,5,35.69
2024-01-20T13:27:33.077+03:00,5,Кружка,4,84.19
2024-02-01T13:27:33.077+03:00,499,Книга,4,93.02
2023-09-16T13:27:33.077+03:00,476,Молоко,2,33.17
2023-09-21T13:27:33.077+03:00,437,Ноутбук,1,52.95
2024-01-24T13:27:33.077+03:00,639,Сноу-Борд,3,84.58
2024-06-21T13:27:33.077+03:00,49,Ноутбук,9,94.21
2024-02-19T13:27:33.077+03:00,844,Молоко,3,86.23
2024-03-20T13:27:33.077+03:00,442,Сноу-Борд,7,99.05
2024-01-29T13:27:33.077+03:00,312,Молоко,8,96.8
2024-01-26T13:27:33.077+03:00,935,Сноу-Борд,2,67.45
2024-03-14T13:27:33.077+03:00,49,Книга,1,62.11
2023-12-05T13:27:33.077+03:00,274,Сноу-Борд,10,49.16
2023-08-20T13:27:33.077+03:00,550,Сноу-Борд,5,92.29
2024-01-19T13:27:33.077+03:00,119,Книга,9,76.26
2023-07-13T13:27:33.077+03:00,728,Ноутбук,9,63.33
2024-03-10T13:27:33.077+03:00,746,Ноутбук,5,56.84
2023-09-05T13:27:33.077+03:00,676,Сноу-Борд,7,66.18
2024-01-08T13:27:33.077+03:00,669,Сноу-Борд,3,93.61
2023-07-31T13:27:33.077+03:00,963,Ноутбук,2,27.78
2024-02-05T13:27:33.077+03:00,709,Кружка,8,34.22
2024-03-30T13:27:33.077+03:00,314,Молоко,7,48.01
2024-01-19T13:27:33.077+03:00,27,Ноутбук,5,94.7
2023-07-21T13:27:33.077+03:00,595,Ноутбук,10,30.05
2023-09-03T13:27:33.077+03:00,423,Сноу-Борд,1,92.75
2023-07-12T13:27:33.077+03:00,396,Сноу-Борд,6,72.66
2023-07-19T13:27:33.077+03:00,642,Кружка,4,45.94
2023-10-27T13:27:33.077+03:00,398,Сноу-Борд,3,35.34
2023-10-03T13:27:33.077+03:00,411,Сноу-Борд,7,98.26
2023-12-07T13:27:33.077+03:00,910,Кружка,10,73.31
2023-10-22T13:27:33.077+03:00,72,Молоко,10,44.19
2024-06-20T13:27:33.077+03:00,670,Ноутбук,8,55.38
2024-05-08T13:27:33.077+03:00,136,Кружка,6,95.41
2024-03-01T13:27:33.077+03:00,479,Сноу-Борд,9,82.49
2024-06-16T13:27:33.077+03:00,610,Книга,1,11.71
2023-08-20T13:27:33.078+03:00,966,Сноу-Борд,4,14.88
2023-11-11T13:27:33.078+03:00,616,Книга,9,90.1
2024-02-20T13:27:33.078+03:00,432,Сноу-Борд,1,96.81
2024-01-22T13:27:33.078+03:00,122,Молоко,9,78.82
2024-05-09T13:27:33.078+03:00,160,Кружка,6,78.46
2024-02-22T13:27:33.078+03:00,841,Сноу-Борд,8,50.28
2024-03-02T13:27:33.078+03:00,52,Кружка,8,89.6
2024-01-13T13:27:33.078+03:00,359,Ноутбук,6,26.18
2024-01-28T13:27:33.078+03:00,378,Ноутбук,4,98.12
2024-01-07T13:27:33.078+03:00,294,Ноутбук,1,31.11
2023-08-16T13:27:33.078+03:00,288,Кружка,4,14.37
2023-10-08T13:27:33.078+03:00,790,Сноу-Борд,9,82.77
2023-08-16T13:27:33.078+03:00,13,Кружка,8,68.74
2024-02-21T13:27:33.078+03:00,336,Книга,10,14.84
2024-01-09T13:27:33.078+03:00,390,Книга,9,64.7
2023-08-02T13:27:33.078+03:00,478,Ноутбук,1,36.44
2023-11-12T13:27:33.078+03:00,669,Сноу-Борд,10,32.8
2024-01-31T13:27:33.078+03:00,453,Молоко,6,77.02
2023-08-09T13:27:33.078+03:00,417,Книга,6,82.27
2024-01-11T13:27:33.078+03:00,132,Книга,4,83.61
2023-07-11T13:27:33.078+03:00,881,Кружка,6,92.21
2023-09-09T13:27:33.078+03:00,437,Сноу-Борд,2,65.68
2023-10-21T13:27:33.078+03:00,777,Книга,3,35.13
2023-07-02T13:27:33.078+03:00,190,Ноутбук,9,98.18
2023-07-11T13:27:33.078+03:00,314,Молоко,2,23.44
2023-08-21T13:27:33.078+03:00,31,Книга,9,27.42
2023-12-18T13:27:33.078+03:00,884,Ноутбук,4,36.97
2023-11-12T13:27:33.078+03:00,805,Молоко,5,59.09
2023-11-07T13:27:33.078+03:00,159,Ноутбук,7,20.82
2024-03-17T13:27:33.078+03:00,579,Молоко,4,97.3
2023-12-30T13:27:33.078+03:00,303,Молоко,5,61.82
2023-10-27T13:27:33.078+03:00,327,Ноутбук,9,48.56
2024-06-23T13:27:33.078+03:00,123,Ноутбук,10,23.81
2023-12-20T13:27:33.078+03:00,19,Книга,6,34.59
2023-12-08T13:27:33.078+03:00,272,Сноу-Борд,9,71.71
2024-04-27T13:27:33.078+03:00,840,Книга,9,35.88
2023-08-13T13:27:33.078+03:00,946,Молоко,7,29.91
2023-07-05T13:27:33.078+03:00,991,Сноу-Борд,1,32.75
2024-04-01T13:27:33.078+03:00,481,Кружка,9,33.81
2024-04-24T13:27:33.078+03:00,821,Кружка,2,13.65
2024-02-21T13:27:33.078+03:00,612,Кружка,9,67.3
2023-09-10T13:27:33.078+03:00,401,Кружка,8,36.09
2024-06-22T13:27:33.078+03:00,441,Сноу-Борд,2,51.51
2023-07-19T13:27:33.078+03:00,977,Молоко,4,21.83
2024-04-09T13:27:33.078+03:00,280,Сноу-Борд,7,70.61
2024-05-10T13:27:33.078+03:00,749,Ноутбук,4,10.5
2023-09-24T13:27:33.078+03:00,118,Книга,4,98.53
2024-05-05T13:27:33.078+03:00,53,Ноутбук,9,26.1
2023-08-18T13:27:33.078+03:00,460,Книга,2,31.86
2023-08-25T13:27:33.078+03:00,298,Сноу-Борд,7,45.29
2024-05-06T13:27:33.078+03:00,782,Сноу-Борд,6,98.99
2024-01-07T13:27:33.078+03:00,516,Книга,8,62.22
2024-02-08T13:27:33.078+03:00,646,Книга,5,17.05
2024-01-26T13:27:33.078+03:00,420,Молоко,2,58.91
2024-01-20T13:27:33.078+03:00,272,Молоко,1,69.21
2024-02-11T13:27:33.078+03:00,56,Кружка,9,25.13
2023-09-09T13:27:33.078+03:00,903,Молоко,5,65.28
2023-09-13T13:27:33.078+03:00,326,Книга,3,64.04
2023-07-13T13:27:33.078+03:00,17,Сноу-Борд,3,47.26
2024-04-23T13:27:33.078+03:00,835,Сноу-Борд,2,57.62
2024-02-15T13:27:33.078+03:00,227,Молоко,3,63.61
2023-10-22T13:27:33.078+03:00,319,Ноутбук,5,74.11
2024-06-28T13:27:33.078+03:00,283,Сноу-Борд,1,21.68
2024-04-03T13:27:33.078+03:00,905,Кружка,9,86.62
2023-09-21T13:27:33.078+03:00,733,Сноу-Борд,8,57.66
2023-12-23T13:27:33.078+03:00,646,Кружка,1,23.76
2023-12-29T13:27:33.078+03:00,851,Кружка,5,71.78
2024-05-07T13:27:33.078+03:00,107,Кружка,1,66.63
2024-05-31T13:27:33.078+03:00,566,Кружка,3,36.12
2023-11-19T13:27:33.078+03:00,590,Книга,8,56.9
2023-07-02T13:27:33.078+03:00,415,Книга,1,60.46
2024-02-11T13:27:33.078+03:00,423,Сноу-Борд,4,10.02
2023-07-04T13:27:33.078+03:00,998,Книга,7,98.66
2023-10-13T13:27:33.078+03:00,419,Молоко,2,49.41
2023-08-10T13:27:33.078+03:00,758,Молоко,5,56.45
2024-02-11T13:27:33.078+03:00,945,Книга,4,38.43
2024-04-15T13:27:33.078+03:00,759,Книга,4,79.37
2024-03-29T13:27:33.078+03:00,820,Молоко,4,53.37
2023-11-28T13:27:33.078+03:00,667,Молоко,10,51.44
2023-10-02T13:27:33.078+03:00,589,Сноу-Борд,2,42.89
2023-12-07T13:27:33.078+03:00,669,Книга,2,89.62
2023-10-25T13:27:33.078+03:00,385,Сноу-Борд,5,28.3
2024-04-01T13:27:33.078+03:00,996,Книга,6,94.68
2024-01-02T13:27:33.078+03:00,1000,Ноутбук,8,72.46
2023-07-09T13:27:33.078+03:00,289,Ноутбук,2,68.29
2023-08-24T13:27:33.078+03:00,1,Кружка,3,15.7
2024-04-11T13:27:33.078+03:00,232,Сноу-Борд,10,92.89
2024-03-09T13:27:33.078+03:00,804,Ноутбук,1,68.65
2024-06-13T13:27:33.078+03:00,657,Молоко,2,33.41
2024-03-10T13:27:33.078+03:00,288,Сноу-Борд,2,34.07
2023-07-20T13:27:33.078+03:00,339,Молоко,8,70.43
2023-07-11T13:27:33.078+03:00,494,Молоко,7,54.9
2024-03-18T13:27:33.078+03:00,86,Книга,8,45.65
2023-09-07T13:27:33.078+03:00,734,Ноутбук,3,81.86
2024-03-23T13:27:33.078+03:00,853,Книга,10,98.4
2024-03-26T13:27:33.078+03:00,965,Ноутбук,4,62.48
2024-02-11T13:27:33.078+03:00,459,Молоко,7,96.73
2023-08-09T13:27:33.078+03:00,81,Книга,8,35.24
2023-07-20T13:27:33.078+03:00,870,Ноутбук,3,93.21
2024-02-23T13:27:33.078+03:00,619,Кружка,4,25.96
2024-01-08T13:27:33.078+03:00,46,Кружка,1,47.22
2023-08-05T13:27:33.078+03:00,183,Кружка,4,21.65
2023-09-23T13:27:33.078+03:00,930,Ноутбук,10,40.69
2023-10-11T13:27:33.078+03:00,500,Ноутбук,1,46.95
2024-04-06T13:27:33.078+03:00,177,Книга,9,47.75
2024-04-07T13:27:33.078+03:00,62,Книга,2,27.05
2023-11-21T13:27:33.078+03:00,138,Сноу-Борд,9,76.09
2024-05-11T13:27:33.078+03:00,511,Книга,6,26.52
2024-04-12T13:27:33.078+03:00,79,Кружка,4,16.75
2023-11-15T13:27:33.078+03:00,88,Книга,2,71.73
2023-11-24T13:27:33.078+03:00,591,Ноутбук,9,10.8
2023-11-20T13:27:33.078+03:00,855,Книга,5,53.65
2024-03-14T13:27:33.078+03:00,685,Сноу-Борд,4,68.26
2023-07-20T13:27:33.078+03:00,330,Книга,6,16.81
2023-09-01T13:27:33.078+03:00,666,Молоко,2,30.35
2024-05-18T13:27:33.078+03:00,381,Сноу-Борд,10,40.62
2024-04-09T13:27:33.078+03:00,847,Книга,8,10.42
2023-12-19T13:27:33.078+03:00,796,Книга,1,73.09
2024-03-07T13:27:33.078+03:00,920,Молоко,10,96.52
2024-06-05T13:27:33.078+03:00,496,Молоко,8,97.88
2024-03-18T13:27:33.078+03:00,250,Ноутбук,9,55.45
2023-10-25T13:27:33.078+03:00,724,Молоко,9,55.18
2023-08-26T13:27:33.078+03:00,236,Книга,5,28.6
2024-06-22T13:27:33.078+03:00,398,Книга,4,12.13
2023-09-23T13:27:33.078+03:00,968,Молоко,3,83.53
2023-11-22T13:27:33.078+03:00,427,Сноу-Борд,8,70.7
2023-07-04T13:27:33.078+03:00,465,Кружка,3,46.61
2024-02-19T13:27:33.078+03:00,420,Ноутбук,5,95.29
2024-03-02T13:27:33.078+03:00,741,Сноу-Борд,10,89.21
2023-11-04T13:27:33.078+03:00,717,Книга,10,96.76
2023-10-06T13:27:33.078+03:00,671,Ноутбук,2,77.27
2024-03-03T13:27:33.078+03:00,374,Кружка,4,48.85
2023-10-25T13:27:33.078+03:00,534,Сноу-Борд,5,90.23
2024-04-04T13:27:33.078+03:00,136,Молоко,7,53.27
2023-09-15T13:27:33.078+03:00,359,Сноу-Борд,9,86.59
2024-02-01T13:27:33.078+03:00,627,Ноутбук,2,49.83
2024-01-21T13:27:33.078+03:00,974,Ноутбук,9,25.74
2024-02-05T13:27:33.078+03:00,253,Сноу-Борд,3,89.52
2024-06-15T13:27:33.078+03:00,20,Книга,7,97.64
2024-03-06T13:27:33.078+03:00,184,Сноу-Борд,8,49.64
2024-06-15T13:27:33.078+03:00,446,Кружка,7,56.9
2024-03-02T13:27:33.078+03:00,160,Кружка,6,41.52
2023-12-31T13:27:33.078+03:00,686,Молоко,4,62.63
2024-03-13T13:27:33.078+03:00,21,Книга,1,23.06
2023-11-02T13:27:33.078+03:00,460,Ноутбук,3,18.56
2023-07-22T13:27:33.078+03:00,303,Молоко,6,70.91
2023-08-20T13:27:33.078+03:00,736,Сноу-Борд,5,57.26
2023-12-30T13:27:33.078+03:00,467,Книга,9,36.3
2023-11-12T13:27:33.078+03:00,672,Кружка,2,85.43
2024-03-04T13:27:33.078+03:00,615,Ноутбук,10,13.65
2024-04-01T13:27:33.078+03:00,456,Кружка,8,95.99
2024-05-10T13:27:33.078+03:00,149,Молоко,7,68.17
2023-08-23T13:27:33.078+03:00,703,Сноу-Борд,1,48.99
2024-04-08T13:27:33.078+03:00,134,Ноутбук,4,18.08
2023-08-17T13:27:33.078+03:00,28,Книга,3,51.94
2024-06-07T13:27:33.078+03:00,190,Книга,2,71.37
2023-10-22T13:27:33.078+03:00,50,Ноутбук,7,97.92
2023-10-07T13:27:33.078+03:00,473,Молоко,6,43.58
2023-09-24T13:27:33.078+03:00,617,Кружка,1,86.47
2024-04-13T13:27:33.078+03:00,660,Книга,2,85.67
2024-04-04T13:27:33.078+03:00,512,Книга,4,24.82
2023-11-01T13:27:33.078+03:00,973,Книга,8,46.01
2024-02-27T13:27:33.078+03:00,301,Кружка,1,92.51
2024-04-19T13:27:33.078+03:00,438,Кружка,7,12.33
2024-05-06T13:27:33.078+03:00,266,Книга,9,93.0
2023-07-31T13:27:33.078+03:00,64,Кружка,6,92.03
2024-01-12T13:27:33.078+03:00,203,Сноу-Борд,6,34.7
2023-11-24T13:27:33.078+03:00,609,Книга,2,25.0
2024-01-16T13:27:33.078+03:00,774,Книга,2,31.94
2024-05-01T13:27:33.078+03:00,674,Ноутбук,6,23.91
2024-01-12T13:27:33.078+03:00,550,Сноу-Борд,9,90.98
2023-09-13T13:27:33.078+03:00,143,Сноу-Борд,4,55.43
2023-08-03T13:27:33.078+03:00,29,Кружка,5,12.36
2024-06-29T13:27:33.078+03:00,206,Ноутбук,7,34.73
2023-08-05T13:27:33.078+03:00,342,Книга,9,55.44
2023-12-27T13:27:33.078+03:00,246,Молоко,2,31.15
2023-10-29T13:27:33.078+03:00,368,Ноутбук,3,16.08
2024-04-24T13:27:33.078+03:00,787,Кружка,2,27.64
2024-06-03T13:27:33.078+03:00,134,Книга,8,21.95
2023-11-15T13:27:33.078+03:00,771,Книга,2,58.94
2024-01-21T13:27:33.078+03:00,313,Сноу-Борд,9,74.73
2023-10-27T13:27:33.078+03:00,943,Книга,5,22.11
2023-07-30T13:27:33.078+03:00,819,Книга,7,66.97
2023-11-18T13:27:33.078+03:00,448,Ноутбук,7,33.0
2024-02-20T13:27:33.078+03:00,616,Молоко,8,92.02
2023-09-08T13:27:33.078+03:00,75,Книга,9,73.07
2024-06-07T13:27:33.078+03:00,88,Сноу-Борд,10,31.85
2024-01-26T13:27:33.078+03:00,236,Ноутбук,5,35.11
2023-11-24T13:27:33.078+03:00,885,Книга,5,67.45
2023-12-10T13:27:33.078+03:00,881,Молоко,2,57.7
2024-01-22T13:27:33.078+03:00,113,Ноутбук,4,92.77
2024-02-05T13:27:33.078+03:00,644,Книга,8,42.65
2024-02-06T13:27:33.078+03:00,716,Молоко,4,97.13
2023-09-04T13:27:33.078+03:00,102,Молоко,1,78.15
2023-08-01T13:27:33.078+03:00,139,Кружка,10,80.77
2024-05-07T13:27:33.078+03:00,566,Ноутбук,2,31.43
2024-02-19T13:27:33.078+03:00,186,Ноутбук,2,82.52
2024-01-24T13:27:33.078+03:00,754,Кружка,6,11.16
2024-06-27T13:27:33.078+03:00,385,Книга,2,63.24
2024-04-21T13:27:33.078+03:00,264,Молоко,4,99.07
2024-04-28T13:27:33.078+03:00,226,Ноутбук,8,51.02
2023-12-03T13:27:33.078+03:00,874,Книга,9,36.95
2023-07-12T13:27:33.078+03:00,330,Ноутбук,3,72.95
2024-03-07T13:27:33.078+03:00,655,Ноутбук,9,25.74
2023-10-21T13:27:33.078+03:00,740,Книга,10,21.58
2023-07-20T13:27:33.078+03:00,849,Молоко,10,79.2
2023-09-25T13:27:33.078+03:00,631,Кружка,2,14.46
2024-01-07T13:27:33.078+03:00,249,Кружка,7,53.16
2023-07-01T13:27:33.078+03:00,147,Ноутбук,10,94.99
2023-12-03T13:27:33.078+03:00,116,Сноу-Борд,10,83.38
2023-11-07T13:27:33.079+03:00,809,Кружка,7,24.81
2023-07-31T13:27:33.079+03:00,556,Книга,8,78.29
2024-02-21T13:27:33.079+03:00,537,Книга,3,32.14
2023-08-09T13:27:33.079+03:00,212,Сноу-Борд,7,23.17
2024-04-21T13:27:33.079+03:00,609,Ноутбук,1,41.35
2023-07-01T13:27:33.079+03:00,593,Кружка,6,73.8
2024-02-23T13:27:33.079+03:00,990,Кружка,1,71.84
2024-04-12T13:27:33.079+03:00,429,Кружка,4,92.42
2024-04-29T13:27:33.079+03:00,560,Сноу-Борд,10,43.74
2023-10-17T13:27:33.079+03:00,13,Ноутбук,4,93.85
2024-05-19T13:27:33.079+03:00,347,Сноу-Борд,9,83.21
2023-08-04T13:27:33.079+03:00,566,Книга,8,85.88
2024-01-27T13:27:33.079+03:00,851,Ноутбук,7,25.12
2024-05-21T13:27:33.079+03:00,919,Ноутбук,9,48.88
2024-02-27T13:27:33.079+03:00,886,Книга,4,70.14
2023-09-27T13:27:33.079+03:00,552,Кружка,6,91.14
2024-06-28T13:27:33.079+03:00,847,Молоко,7,49.0
2023-07-30T13:27:33.079+03:00,194,Сноу-Борд,5,41.25
2024-05-28T13:27:33.079+03:00,833,Сноу-Борд,4,93.22
2023-10-10T13:27:33.079+03:00,988,Молоко,3,71.87
2024-03-18T13:27:33.079+03:00,543,Ноутбук,1,70.18
2024-04-20T13:27:33.079+03:00,627,Сноу-Борд,5,30.77
2023-11-13T13:27:33.079+03:00,874,Молоко,3,29.64
2023-12-11T13:27:33.079+03:00,471,Кружка,8,35.41
2024-04-22T13:27:33.079+03:00,299,Книга,2,91.37
2024-04-14T13:27:33.079+03:00,976,Книга,3,14.25
2023-07-20T13:27:33.079+03:00,191,Сноу-Борд,10,23.47
2024-04-20T13:27:33.079+03:00,940,Сноу-Борд,6,29.38
2023-10-20T13:27:33.079+03:00,131,Сноу-Борд,1,33.67
2024-04-06T13:27:33.079+03:00,326,Ноутбук,3,37.75
2024-05-22T13:27:33.079+03:00,509,Книга,3,25.33
2023-12-09T13:27:33.079+03:00,206,Книга,3,31.89
2023-10-22T13:27:33.079+03:00,621,Кружка,8,77.35
2024-03-20T13:27:33.079+03:00,52,Сноу-Борд,3,17.28
2023-12-30T13:27:33.079+03:00,112,Молоко,2,29.85
2024-02-24T13:27:33.079+03:00,899,Сноу-Борд,10,74.13
2024-05-31T13:27:33.079+03:00,797,Ноутбук,6,41.58
2023-11-24T13:27:33.079+03:00,226,Кружка,3,24.27
2023-11-02T13:27:33.079+03:00,646,Кружка,9,56.94
2024-03-07T13:27:33.079+03:00,246,Книга,3,29.54
2024-06-24T13:27:33.079+03:00,136,Сноу-Борд,1,81.74
2023-08-10T13:27:33.079+03:00,426,Кружка,3,31.48
2023-09-14T13:27:33.079+03:00,860,Ноутбук,6,23.78
2024-04-20T13:27:33.079+03:00,444,Ноутбук,8,23.35
2024-04-23T13:27:33.079+03:00,784,Книга,4,75.62
2024-01-27T13:27:33.079+03:00,707,Молоко,2,53.8
2023-07-19T13:27:33.079+03:00,957,Сноу-Борд,6,18.71
2024-03-13T13:27:33.079+03:00,857,Кружка,2,23.45
2024-04-05T13:27:33.079+03:00,397,Ноутбук,1,29.41
2024-01-26T13:27:33.079+03:00,803,Ноутбук,2,38.38
2024-03-06T13:27:33.079+03:00,560,Молоко,6,42.0
2023-11-17T13:27:33.079+03:00,347,Книга,3,28.44
2023-08-24T13:27:33.079+03:00,334,Книга,4,64.6
2023-07-15T13:27:33.079+03:00,950,Ноутбук,2,36.74
2024-04-08T13:27:33.079+03:00,602,Книга,10,89.16
2023-09-07T13:27:33.079+03:00,128,Молоко,7,99.36
2024-06-11T13:27:33.079+03:00,70,Молоко,4,40.83
2024-01-24T13:27:33.079+03:00,372,Сноу-Борд,10,11.4
2024-03-11T13:27:33.079+03:00,568,Ноутбук,7,60.83
2024-01-05T13:27:33.079+03:00,90,Книга,5,62.73
2023-08-10T13:27:33.079+03:00,958,Сноу-Борд,8,81.78
2023-10-28T13:27:33.079+03:00,179,Молоко,2,57.2
2023-07-01T13:27:33.079+03:00,231,Сноу-Борд,2,71.46
2023-09-11T13:27:33.079+03:00,354,Кружка,6,53.66
2024-04-19T13:27:33.079+03:00,847,Кружка,10,12.64
2023-07-22T13:27:33.079+03:00,222,Книга,4,67.38
2023-07-05T13:27:33.079+03:00,707,Ноутбук,3,11.66
2023-12-13T13:27:33.079+03:00,699,Молоко,7,24.88
2024-05-30T13:27:33.079+03:00,786,Книга,8,87.1
2023-10-07T13:27:33.079+03:00,896,Кружка,7,92.32
2023-10-07T13:27:33.079+03:00,815,Молоко,2,53.9
2023-09-08T13:27:33.079+03:00,971,Молоко,1,15.58
2024-01-26T13:27:33.079+03:00,471,Ноутбук,8,39.02
2023-08-05T13:27:33.079+03:00,426,Кружка,8,11.99
2024-06-15T13:27:33.079+03:00,71,Книга,1,47.65
2023-11-21T13:27:33.079+03:00,512,Книга,8,72.91
2023-08-31T13:27:33.079+03:00,801,Ноутбук,5,57.76
2024-03-07T13:27:33.079+03:00,514,Кружка,8,84.92
2023-08-25T13:27:33.079+03:00,53,Молоко,9,57.16
2023-07-13T13:27:33.079+03:00,991,Книга,10,44.14
2023-12-16T13:27:33.079+03:00,117,Ноутбук,5,76.34
2023-08-16T13:27:33.079+03:00,537,Сноу-Борд,10,47.79
2024-02-20T13:27:33.079+03:00,119,Молоко,8,30.49
2024-06-26T13:27:33.079+03:00,279,Сноу-Борд,5,69.54
2023-09-09T13:27:33.079+03:00,58,Сноу-Борд,6,39.28
2023-11-08T13:27:33.079+03:00,778,Кружка,2,66.91
2024-03-21T13:27:33.079+03:00,900,Ноутбук,4,81.69
2024-02-29T13:27:33.079+03:00,871,Книга,1,23.85
2023-10-14T13:27:33.079+03:00,219,Книга,1,96.83
2023-10-14T13:27:33.079+03:00,202,Сноу-Борд,7,33.21
2024-03-20T13:27:33.079+03:00,616,Книга,1,55.11
2024-06-06T13:27:33.079+03:00,863,Ноутбук,9,76.34
2023-08-01T13:27:33.079+03:00,319,Книга,3,24.4
2023-09-12T13:27:33.079+03:00,106,Ноутбук,10,55.29
2024-05-30T13:27:33.079+03:00,710,Кружка,9,59.31
2023-11-14T13:27:33.079+03:00,82,Ноутбук,6,59.5
2024-04-08T13:27:33.079+03:00,148,Ноутбук,4,46.88
2023-08-02T13:27:33.079+03:00,371,Сноу-Борд,8,60.64
2024-03-02T13:27:33.079+03:00,797,Книга,9,55.87
2024-03-29T13:27:33.079+03:00,847,Сноу-Борд,4,41.58
2024-04-18T13:27:33.079+03:00,211,Книга,7,94.29
2023-07-29T13:27:33.079+03:00,177,Молоко,1,11.26
2024-01-27T13:27:33.079+03:00,175,Молоко,8,24.89
2023-10-09T13:27:33.079+03:00,721,Сноу-Борд,10,44.65
2023-10-23T13:27:33.079+03:00,457,Ноутбук,10,70.34
2023-09-29T13:27:33.079+03:00,856,Сноу-Борд,4,33.49
2023-08-17T13:27:33.079+03:00,338,Книга,10,80.2
2023-09-08T13:27:33.079+03:00,259,Книга,1,28.71
2023-09-25T13:27:33.079+03:00,414,Сноу-Борд,10,47.68
2023-12-15T13:27:33.079+03:00,716,Книга,9,56.46
2024-02-15T13:27:33.079+03:00,193,Ноутбук,4,42.78
2023-11-11T13:27:33.079+03:00,122,Молоко,8,56.37
2023-10-19T13:27:33.079+03:00,839,Сноу-Борд,2,49.73
2023-10-30T13:27:33.079+03:00,974,Ноутбук,3,38.65
2023-10-18T13:27:33.079+03:00,19,Молоко,5,55.68
2023-12-28T13:27:33.079+03:00,84,Молоко,9,89.17
2023-09-17T13:27:33.079+03:00,310,Ноутбук,3,18.2
2023-07-15T13:27:33.079+03:00,502,Кружка,1,26.91
2023-12-29T13:27:33.079+03:00,5,Ноутбук,10,16.92
2023-07-18T13:27:33.079+03:00,34,Сноу-Борд,2,13.88
2023-08-05T13:27:33.079+03:00,439,Книга,3,92.84
2023-09-30T13:27:33.079+03:00,776,Молоко,8,24.72
2024-06-13T13:27:33.079+03:00,477,Книга,2,50.98
2023-11-03T13:27:33.079+03:00,122,Сноу-Борд,5,18.95
2023-12-24T13:27:33.079+03:00,77,Кружка,7,65.27
2023-08-13T13:27:33.079+03:00,118,Книга,5,39.57
2023-08-25T13:27:33.079+03:00,594,Сноу-Борд,4,97.89
2024-05-21T13:27:33.079+03:00,471,Молоко,8,89.99
2024-04-21T13:27:33.079+03:00,985,Ноутбук,6,27.51
2023-08-04T13:27:33.079+03:00,851,Сноу-Борд,4,64.95
2024-02-01T13:27:33.079+03:00,47,Сноу-Борд,5,34.45
2023-07-25T13:27:33.079+03:00,414,Сноу-Борд,10,84.09
2024-06-09T13:27:33.079+03:00,571,Ноутбук,8,22.93
2023-07-20T13:27:33.079+03:00,755,Молоко,3,30.55
2024-03-14T13:27:33.079+03:00,572,Книга,4,87.38
2023-09-05T13:27:33.079+03:00,866,Сноу-Борд,10,84.93
2023-11-25T13:27:33.079+03:00,255,Кружка,5,47.76
2023-07-21T13:27:33.079+03:00,167,Ноутбук,6,12.54
2023-11-06T13:27:33.079+03:00,774,Ноутбук,9,76.11
2024-01-05T13:27:33.080+03:00,711,Кружка,2,33.73
2023-08-22T13:27:33.080+03:00,105,Сноу-Борд,6,56.91
2024-01-26T13:27:33.080+03:00,983,Молоко,3,71.85
2024-03-02T13:27:33.080+03:00,795,Сноу-Борд,4,20.15
2023-07-26T13:27:33.080+03:00,360,Молоко,2,57.62
2023-09-10T13:27:33.080+03:00,469,Сноу-Борд,8,69.52
2023-09-11T13:27:33.080+03:00,312,Сноу-Борд,4,20.37
2023-11-08T13:27:33.080+03:00,37,Книга,2,83.64
2024-02-07T13:27:33.080+03:00,673,Сноу-Борд,3,31.96
2024-03-15T13:27:33.080+03:00,14,Книга,9,79.76
2024-03-20T13:27:33.080+03:00,203,Кружка,1,98.99
2023-07-25T13:27:33.080+03:00,444,Книга,8,50.58
2023-11-13T13:27:33.080+03:00,647,Кружка,1,26.5
2024-04-27T13:27:33.080+03:00,445,Кружка,5,58.94
2024-03-14T13:27:33.080+03:00,623,Сноу-Борд,3,94.45
2024-04-30T13:27:33.080+03:00,773,Книга,1,88.07
2024-02-22T13:27:33.080+03:00,158,Сноу-Борд,9,70.53
2023-11-10T13:27:33.080+03:00,681,Ноутбук,10,23.63
2023-09-04T13:27:33.080+03:00,785,Сноу-Борд,2,15.64
2024-02-11T13:27:33.080+03:00,248,Молоко,4,91.15
2024-05-18T13:27:33.080+03:00,784,Кружка,4,86.77
2024-05-30T13:27:33.080+03:00,437,Книга,7,81.8
2024-04-08T13:27:33.080+03:00,397,Книга,4,56.93
2024-05-19T13:27:33.080+03:00,951,Ноутбук,8,15.17
2023-12-11T13:27:33.080+03:00,430,Кружка,8,16.93
2023-11-07T13:27:33.080+03:00,309,Молоко,1,34.46
2023-12-03T13:27:33.080+03:00,663,Молоко,2,33.67
2024-03-24T13:27:33.080+03:00,241,Ноутбук,6,47.98
2024-01-05T13:27:33.080+03:00,239,Молоко,9,25.53
2024-06-27T13:27:33.080+03:00,933,Книга,4,74.79
2023-09-09T13:27:33.080+03:00,518,Молоко,5,18.18
2023-12-31T13:27:33.080+03:00,384,Книга,6,22.88
2023-08-08T13:27:33.080+03:00,22,Молоко,8,69.17
2024-01-06T13:27:33.080+03:00,733,Сноу-Борд,5,20.86
2023-09-10T13:27:33.080+03:00,83,Кружка,3,41.6
2024-05-28T13:27:33.080+03:00,799,Кружка,7,33.42
2024-01-28T13:27:33.080+03:00,751,Ноутбук,9,58.83
2023-11-20T13:27:33.080+03:00,22,Молоко,8,57.22
2023-10-26T13:27:33.080+03:00,297,Книга,9,83.76
2024-02-23T13:27:33.080+03:00,415,Молоко,3,56.3
2024-01-18T13:27:33.080+03:00,101,Ноутбук,7,68.91
2024-01-24T13:27:33.080+03:00,524,Сноу-Борд,7,40.77
2023-09-26T13:27:33.080+03:00,22,Ноутбук,6,12.34
2024-04-25T13:27:33.080+03:00,348,Молоко,3,27.55
2023-12-21T13:27:33.080+03:00,395,Сноу-Борд,7,81.2
2023-07-09T13:27:33.080+03:00,651,Молоко,8,91.76
2023-09-12T13:27:33.080+03:00,692,Книга,3,75.76
2023-11-07T13:27:33.081+03:00,567,Молоко,4,75.09
2024-05-31T13:27:33.081+03:00,318,Ноутбук,3,68.0
2024-01-06T13:27:33.081+03:00,696,Кружка,2,64.58
2023-10-27T13:27:33.081+03:00,602,Ноутбук,6,31.5
2024-06-08T13:27:33.081+03:00,825,Сноу-Борд,4,82.36
2024-02-10T13:27:33.081+03:00,817,Ноутбук,1,11.98
2023-10-14T13:27:33.081+03:00,913,Ноутбук,7,43.04
2024-04-30T13:27:33.081+03:00,190,Молоко,2,93.02
2024-01-14T13:27:33.081+03:00,66,Сноу-Борд,8,47.3
2024-02-13T13:27:33.081+03:00,34,Книга,4,31.7
2024-03-07T13:27:33.081+03:00,970,Ноутбук,8,13.02
2023-09-15T13:27:33.081+03:00,192,Кружка,10,54.77
2023-07-20T13:27:33.081+03:00,57,Молоко,6,86.06
2024-02-22T13:27:33.081+03:00,328,Молоко,1,42.59
2024-05-02T13:27:33.081+03:00,441,Молоко,6,55.3
2023-07-22T13:27:33.081+03:00,808,Кружка,2,31.65
2024-04-02T13:27:33.081+03:00,727,Сноу-Борд,3,62.54
2024-01-14T13:27:33.081+03:00,1,Книга,9,97.37
2023-10-29T13:27:33.081+03:00,464,Кружка,7,12.68
2024-02-18T13:27:33.081+03:00,827,Кружка,8,86.94
2024-01-10T13:27:33.081+03:00,423,Книга,10,47.51
2024-04-01T13:27:33.081+03:00,288,Сноу-Борд,2,16.06
2024-01-07T13:27:33.081+03:00,291,Ноутбук,7,13.96
2023-10-23T13:27:33.081+03:00,682,Кружка,5,70.98
2023-07-04T13:27:33.081+03:00,944,Ноутбук,10,19.65
2023-12-15T13:27:33.081+03:00,402,Молоко,5,48.35
2023-07-01T13:27:33.081+03:00,608,Книга,8,99.38
2023-11-09T13:27:33.081+03:00,142,Сноу-Борд,9,25.57
2024-02-14T13:27:33.081+03:00,378,Книга,8,36.07
2023-10-16T13:27:33.081+03:00,198,Ноутбук,8,71.7
2023-10-13T13:27:33.081+03:00,631,Сноу-Борд,8,39.5
2024-02-27T13:27:33.081+03:00,864,Ноутбук,3,57.17
2023-11-05T13:27:33.081+03:00,941,Молоко,4,50.31
2023-07-09T13:27:33.081+03:00,621,Книга,6,20.48
2024-06-10T13:27:33.081+03:00,650,Кружка,9,56.32
2024-05-21T13:27:33.081+03:00,951,Кружка,9,40.19
2023-12-27T13:27:33.081+03:00,648,Молоко,7,72.39
2023-11-08T13:27:33.081+03:00,489,Книга,7,78.22
2024-03-26T13:27:33.081+03:00,537,Ноутбук,7,57.96
2024-01-10T13:27:33.081+03:00,900,Молоко,9,42.24
2024-01-20T13:27:33.081+03:00,471,Молоко,7,21.34
2023-07-08T13:27:33.081+03:00,726,Книга,1,38.0
2023-10-22T13:27:33.081+03:00,497,Сноу-Борд,4,15.32
2024-04-06T13:27:33.081+03:00,530,Сноу-Борд,2,22.88
2024-06-23T13:27:33.081+03:00,997,Ноутбук,6,53.8
2023-08-06T13:27:33.081+03:00,783,Кружка,7,49.86
2024-06-12T13:27:33.081+03:00,275,Книга,4,65.14
2024-05-23T13:27:33.081+03:00,71,Кружка,10,59.22
2024-03-17T13:27:33.081+03:00,773,Ноутбук,2,79.05
2024-06-28T13:27:33.081+03:00,975,Книга,2,40.13
2024-02-12T13:27:33.081+03:00,498,Сноу-Борд,1,52.28
2024-02-05T13:27:33.081+03:00,63,Сноу-Борд,9,47.92
2024-03-15T13:27:33.081+03:00,581,Молоко,10,78.3
2024-03-21T13:27:33.081+03:00,578,Сноу-Борд,1,47.7
2023-09-22T13:27:33.081+03:00,242,Молоко,1,10.65
2024-03-21T13:27:33.081+03:00,258,Молоко,3,35.99
2023-11-11T13:27:33.081+03:00,691,Книга,9,75.1
2024-01-16T13:27:33.081+03:00,933,Молоко,4,75.76
2024-04-21T13:27:33.081+03:00,965,Книга,2,26.48
2024-06-23T13:27:33.081+03:00,671,Книга,7,73.66
2024-02-22T13:27:33.081+03:00,902,Сноу-Борд,9,81.51
2024-02-14T13:27:33.081+03:00,255,Молоко,9,46.92
2023-12-11T13:27:33.081+03:00,528,Сноу-Борд,7,31.55
2023-09-22T13:27:33.081+03:00,42,Молоко,8,30.89
2023-08-15T13:27:33.081+03:00,770,Кружка,5,97.26
2024-04-01T13:27:33.081+03:00,75,Молоко,8,79.56
2023-09-02T13:27:33.081+03:00,937,Книга,9,98.21
2023-08-30T13:27:33.081+03:00,823,Книга,4,61.55
2023-09-22T13:27:33.081+03:00,768,Сноу-Борд,2,42.49
2024-05-29T13:27:33.081+03:00,238,Молоко,6,68.43
2023-10-01T13:27:33.081+03:00,717,Сноу-Борд,8,27.69
2023-12-17T13:27:33.081+03:00,554,Сноу-Борд,4,35.54
2024-04-11T13:27:33.081+03:00,567,Книга,6,68.43
2024-04-29T13:27:33.081+03:00,664,Сноу-Борд,6,65.91
2023-08-18T13:27:33.081+03:00,307,Молоко,9,48.17
2023-11-06T13:27:33.081+03:00,945,Молоко,4,60.57
2024-06-28T13:27:33.081+03:00,525,Кружка,2,20.98
2024-04-13T13:27:33.081+03:00,480,Ноутбук,4,62.73
2024-06-05T13:27:33.081+03:00,222,Кружка,7,27.05
2023-10-07T13:27:33.081+03:00,152,Сноу-Борд,9,50.91
2023-07-22T13:27:33.081+03:00,566,Книга,9,89.31
2024-06-23T13:27:33.081+03:00,817,Молоко,6,39.79
2024-06-09T13:27:33.081+03:00,142,Кружка,5,37.56
2023-12-13T13:27:33.081+03:00,775,Кружка,1,39.09
2023-10-03T13:27:33.081+03:00,403,Сноу-Борд,7,30.49
2024-03-14T13:27:33.081+03:00,704,Книга,4,82.07
2023-11-10T13:27:33.081+03:00,800,Кружка,3,38.87
2024-05-22T13:27:33.081+03:00,706,Книга,5,70.59
2024-04-09T13:27:33.081+03:00,40,Сноу-Борд,7,94.71
2023-10-16T13:27:33.081+03:00,413,Книга,3,26.34
2024-03-12T13:27:33.081+03:00,538,Книга,6,42.89
2023-10-28T13:27:33.081+03:00,248,Книга,1,30.05
2023-11-30T13:27:33.081+03:00,923,Сноу-Борд,3,81.19
2023-12-04T13:27:33.081+03:00,404,Ноутбук,9,75.79
2024-03-08T13:27:33.081+03:00,566,Сноу-Борд,7,26.55
2024-05-21T13:27:33.081+03:00,706,Ноутбук,6,71.5
2023-11-09T13:27:33.081+03:00,413,Сноу-Борд,1,57.25
2023-11-22T13:27:33.081+03:00,917,Ноутбук,2,14.52
2024-01-07T13:27:33.081+03:00,99,Ноутбук,5,23.64
2024-01-03T13:27:33.081+03:00,283,Сноу-Борд,10,49.69
2023-12-20T13:27:33.081+03:00,554,Сноу-Борд,4,57.34
2024-01-24T13:27:33.081+03:00,39,Книга,10,56.12
2024-03-04T13:27:33.081+03:00,889,Кружка,10,75.53
2024-03-05T13:27:33.081+03:00,786,Книга,4,62.49
2024-05-22T13:27:33.081+03:00,131,Сноу-Борд,9,66.5
2024-03-07T13:27:33.081+03:00,813,Книга,9,46.43
2023-07-29T13:27:33.081+03:00,490,Книга,10,81.95
2024-03-06T13:27:33.081+03:00,353,Книга,10,66.76
2024-02-25T13:27:33.081+03:00,544,Ноутбук,10,18.19
2023-08-20T13:27:33.081+03:00,922,Ноутбук,4,92.61
2024-01-12T13:27:33.081+03:00,452,Книга,8,58.58
2024-06-14T13:27:33.081+03:00,435,Сноу-Борд,5,28.5
2024-01-18T13:27:33.081+03:00,567,Молоко,10,33.42
2024-01-08T13:27:33.081+03:00,52,Книга,1,53.64
2023-08-04T13:27:33.081+03:00,781,Книга,7,31.05
2023-10-06T13:27:33.081+03:00,25,Кружка,6,81.17
2024-01-25T13:27:33.081+03:00,529,Книга,9,42.64
2023-12-08T13:27:33.081+03:00,672,Кружка,7,14.25
2023-11-22T13:27:33.081+03:00,788,Молоко,1,66.39
2024-06-26T13:27:33.081+03:00,349,Книга,9,77.44
2024-05-09T13:27:33.081+03:00,397,Кружка,5,82.78
2024-04-29T13:27:33.081+03:00,736,Книга,8,63.64
2023-07-16T13:27:33.081+03:00,856,Ноутбук,2,24.99
2023-07-07T13:27:33.081+03:00,172,Кружка,7,94.49
2023-11-26T13:27:33.081+03:00,559,Молоко,8,59.11
2024-04-24T13:27:33.081+03:00,149,Кружка,5,44.12
2024-04-02T13:27:33.081+03:00,671,Книга,4,33.2
2024-01-13T13:27:33.081+03:00,350,Кружка,3,29.79
2024-02-24T13:27:33.081+03:00,357,Ноутбук,7,38.88
2023-10-07T13:27:33.081+03:00,570,Сноу-Борд,6,38.4
2024-02-22T13:27:33.081+03:00,169,Книга,4,59.01
2023-08-18T13:27:33.081+03:00,874,Кружка,2,88.07
2024-06-30T13:27:33.081+03:00,571,Книга,9,42.12
2023-12-10T13:27:33.081+03:00,943,Сноу-Борд,10,14.77
2023-09-20T13:27:33.081+03:00,321,Кружка,2,97.87
2023-12-17T13:27:33.081+03:00,940,Книга,7,11.95
2023-10-17T13:27:33.081+03:00,890,Ноутбук,5,76.06
2024-04-02T13:27:33.081+03:00,395,Ноутбук,7,38.94
2024-04-26T13:27:33.081+03:00,784,Ноутбук,10,56.37
2023-09-09T13:27:33.081+03:00,382,Книга,8,86.32
2023-07-08T13:27:33.081+03:00,718,Книга,5,57.96
2023-07-10T13:27:33.081+03:00,231,Молоко,7,81.59
2024-05-08T13:27:33.081+03:00,25,Молоко,3,28.27
2023-07-09T13:27:33.081+03:00,242,Молоко,6,23.91
2024-06-15T13:27:33.081+03:00,216,Кружка,3,60.37
2024-04-06T13:27:33.082+03:00,95,Книга,4,46.71
2024-04-10T13:27:33.082+03:00,310,Ноутбук,8,32.26
2023-11-21T13:27:33.082+03:00,804,Кружка,9,42.22
2023-08-25T13:27:33.082+03:00,324,Сноу-Борд,3,14.01
2024-06-10T13:27:33.082+03:00,703,Сноу-Борд,8,17.11
2023-10-18T13:27:33.082+03:00,689,Сноу-Борд,9,28.16
2023-07-04T13:27:33.082+03:00,519,Молоко,10,34.11
2024-03-07T13:27:33.082+03:00,811,Кружка,3,25.23
2023-11-21T13:27:33.082+03:00,228,Молоко,7,97.21
2023-11-09T13:27:33.082+03:00,775,Ноутбук,8,38.89
2023-09-03T13:27:33.082+03:00,876,Книга,8,53.97
2023-10-15T13:27:33.082+03:00,94,Молоко,10,91.25
2024-04-09T13:27:33.082+03:00,142,Книга,6,71.84
2024-06-27T13:27:33.082+03:00,860,Книга,5,47.99
2024-03-20T13:27:33.082+03:00,582,Кружка,7,71.4
2023-09-17T13:27:33.082+03:00,532,Книга,4,73.07
2023-10-25T13:27:33.082+03:00,856,Ноутбук,6,52.37
2023-10-07T13:27:33.082+03:00,912,Ноутбук,1,12.03
2024-03-15T13:27:33.082+03:00,171,Кружка,7,85.44
2024-06-16T13:27:33.082+03:00,187,Книга,2,37.78
2024-04-01T13:27:33.082+03:00,432,Сноу-Борд,5,93.95
2024-05-13T13:27:33.082+03:00,747,Книга,6,77.9
2024-04-14T13:27:33.082+03:00,423,Сноу-Борд,4,26.47
2023-08-25T13:27:33.082+03:00,339,Кружка,4,98.98
2023-10-21T13:27:33.082+03:00,810,Сноу-Борд,6,22.99
2023-08-18T13:27:33.082+03:00,923,Книга,2,30.8
2023-12-23T13:27:33.082+03:00,122,Ноутбук,8,50.11
2024-04-11T13:27:33.082+03:00,397,Молоко,3,54.38
2023-12-14T13:27:33.082+03:00,878,Кружка,8,25.33
2023-11-27T13:27:33.082+03:00,11,Ноутбук,8,64.9
2023-08-08T13:27:33.082+03:00,482,Кружка,6,12.94
2023-10-22T13:27:33.082+03:00,108,Молоко,5,12.31
2024-02-02T13:27:33.082+03:00,739,Книга,9,64.34
2024-02-03T13:27:33.082+03:00,486,Молоко,6,26.59
2024-05-25T13:27:33.082+03:00,898,Ноутбук,9,30.96
2023-08-13T13:27:33.082+03:00,65,Кружка,2,26.92
2023-11-02T13:27:33.082+03:00,446,Ноутбук,4,50.23
2023-08-25T13:27:33.082+03:00,497,Книга,10,15.4
2023-08-04T13:27:33.082+03:00,113,Кружка,4,36.89
2023-07-07T13:27:33.082+03:00,782,Сноу-Борд,7,88.6
2023-07-19T13:27:33.082+03:00,484,Кружка,7,27.43
2023-10-14T13:27:33.082+03:00,280,Сноу-Борд,5,24.17
2024-02-29T13:27:33.082+03:00,308,Книга,8,76.89
2024-06-08T13:27:33.082+03:00,603,Кружка,10,87.86
2023-07-05T13:27:33.082+03:00,678,Кружка,5,96.68
2024-01-15T13:27:33.082+03:00,230,Молоко,4,47.11
2023-10-01T13:27:33.082+03:00,916,Книга,6,72.12
2023-09-17T13:27:33.082+03:00,97,Книга,2,47.27
2023-11-09T13:27:33.082+03:00,196,Книга,7,75.28
2024-06-04T13:27:33.082+03:00,983,Ноутбук,6,89.2
2023-10-08T13:27:33.082+03:00,226,Ноутбук,1,14.34
2024-03-19T13:27:33.082+03:00,219,Сноу-Борд,10,97.96
2024-04-18T13:27:33.082+03:00,201,Сноу-Борд,6,43.86
2023-10-17T13:27:33.082+03:00,645,Ноутбук,4,92.65
2023-11-24T13:27:33.082+03:00,200,Сноу-Борд,6,92.9
2024-03-17T13:27:33.082+03:00,779,Книга,3,28.4
2023-07-07T13:27:33.082+03:00,790,Молоко,8,15.42
2023-07-03T13:27:33.082+03:00,674,Кружка,5,20.01
2023-10-16T13:27:33.082+03:00,324,Сноу-Борд,3,78.54
2024-02-13T13:27:33.082+03:00,514,Ноутбук,4,60.78
2024-02-23T13:27:33.082+03:00,880,Молоко,2,13.76
2024-03-10T13:27:33.082+03:00,774,Ноутбук,10,83.78
2023-10-30T13:27:33.082+03:00,167,Кружка,2,45.53
2023-09-23T13:27:33.082+03:00,468,Ноутбук,9,26.7
2024-05-22T13:27:33.082+03:00,633,Ноутбук,5,45.69
2023-11-13T13:27:33.082+03:00,474,Книга,5,48.53
2023-08-04T13:27:33.082+03:00,365,Книга,10,50.6
2024-04-03T13:27:33.082+03:00,617,Сноу-Борд,2,55.03
2023-10-03T13:27:33.082+03:00,427,Сноу-Борд,7,26.86
2024-06-20T13:27:33.082+03:00,921,Кружка,9,11.31
2024-03-22T13:27:33.082+03:00,12,Молоко,7,79.33
2023-10-01T13:27:33.082+03:00,426,Кружка,9,65.88
2023-08-04T13:27:33.082+03:00,994,Сноу-Борд,3,68.5
2024-04-01T13:27:33.082+03:00,852,Кружка,7,28.7
2024-03-01T13:27:33.082+03:00,70,Ноутбук,7,65.56
2024-02-23T13:27:33.082+03:00,672,Кружка,6,85.66
2024-05-04T13:27:33.082+03:00,352,Кружка,6,52.92
2024-04-17T13:27:33.082+03:00,28,Книга,4,53.56
2024-06-02T13:27:33.082+03:00,218,Ноутбук,9,20.47
2023-12-14T13:27:33.082+03:00,113,Ноутбук,8,82.92
2024-02-09T13:27:33.082+03:00,317,Книга,10,62.29
2023-10-15T13:27:33.082+03:00,227,Книга,9,46.42
2023-08-13T13:27:33.082+03:00,242,Сноу-Борд,3,64.49
2024-05-27T13:27:33.082+03:00,232,Кружка,10,80.33
2024-05-23T13:27:33.082+03:00,681,Книга,10,21.58
2024-01-28T13:27:33.082+03:00,273,Молоко,5,98.13
2024-03-22T13:27:33.082+03:00,212,Кружка,10,73.33
2024-02-26T13:27:33.082+03:00,756,Молоко,5,60.27
2023-08-07T13:27:33.082+03:00,498,Кружка,9,19.18
2024-05-17T13:27:33.082+03:00,50,Молоко,5,71.33
2023-12-13T13:27:33.082+03:00,834,Молоко,8,86.92
2024-04-26T13:27:33.082+03:00,634,Ноутбук,10,82.7
2023-12-10T13:27:33.082+03:00,55,Молоко,6,96.24
2024-01-27T13:27:33.082+03:00,963,Молоко,2,72.9
2023-07-04T13:27:33.082+03:00,285,Сноу-Борд,3,66.99
2024-02-28T13:27:33.082+03:00,157,Кружка,10,70.66
2023-10-19T13:27:33.082+03:00,136,Кружка,8,49.95
2024-05-07T13:27:33.082+03:00,902,Книга,3,65.61
2023-08-16T13:27:33.082+03:00,74,Кружка,10,16.1
2024-02-26T13:27:33.082+03:00,2,Ноутбук,7,73.35
2023-08-07T13:27:33.083+03:00,146,Молоко,9,78.64
2024-04-01T13:27:33.083+03:00,847,Молоко,8,40.65
2024-05-25T13:27:33.083+03:00,242,Кружка,3,25.07
2023-11-27T13:27:33.083+03:00,323,Книга,7,75.45
2023-12-05T13:27:33.083+03:00,461,Ноутбук,8,63.11
2023-09-05T13:27:33.083+03:00,721,Ноутбук,9,89.06
2024-01-13T13:27:33.083+03:00,593,Ноутбук,8,88.71
2024-04-10T13:27:33.083+03:00,930,Сноу-Борд,6,47.67
2023-11-02T13:27:33.083+03:00,837,Молоко,7,18.87
2023-10-19T13:27:33.083+03:00,880,Книга,6,61.2
2024-05-16T13:27:33.083+03:00,495,Кружка,1,77.82
2024-05-10T13:27:33.083+03:00,613,Ноутбук,9,33.29
2024-03-30T13:27:33.083+03:00,579,Молоко,9,24.3
2024-02-16T13:27:33.083+03:00,189,Кружка,2,12.02
2024-03-22T13:27:33.083+03:00,577,Молоко,10,36.82
2023-09-21T13:27:33.083+03:00,992,Книга,1,66.92
2023-11-09T13:27:33.083+03:00,788,Книга,2,33.36
2023-11-13T13:27:33.083+03:00,906,Книга,8,31.21
2024-01-09T13:27:33.083+03:00,566,Ноутбук,2,96.93
2023-08-15T13:27:33.083+03:00,489,Молоко,5,44.49
2024-03-08T13:27:33.083+03:00,488,Молоко,6,23.9
2024-06-08T13:27:33.083+03:00,356,Книга,5,63.02
2024-06-17T13:27:33.083+03:00,914,Книга,9,50.65
2023-12-29T13:27:33.083+03:00,302,Ноутбук,10,74.64
2024-01-23T13:27:33.083+03:00,826,Кружка,2,71.19
2023-09-10T13:27:33.083+03:00,652,Сноу-Борд,7,54.97
2023-08-22T13:27:33.083+03:00,260,Сноу-Борд,4,40.69
2023-10-14T13:27:33.083+03:00,957,Кружка,9,83.3
2023-12-23T13:27:33.083+03:00,428,Молоко,4,18.52
2024-04-12T13:27:33.083+03:00,584,Книга,7,10.17
2023-10-29T13:27:33.083+03:00,947,Ноутбук,8,52.75
2024-04-29T13:27:33.083+03:00,505,Сноу-Борд,10,49.68
2024-05-14T13:27:33.083+03:00,726,Книга,10,64.37
2023-10-26T13:27:33.083+03:00,364,Сноу-Борд,3,33.86
2024-05-25T13:27:33.083+03:00,131,Кружка,2,69.85
2023-10-24T13:27:33.083+03:00,71,Сноу-Борд,9,46.37
2024-01-05T13:27:33.083+03:00,898,Кружка,10,41.8
2023-12-22T13:27:33.083+03:00,604,Ноутбук,5,56.33
2024-04-22T13:27:33.083+03:00,714,Молоко,10,80.71
2023-10-26T13:27:33.083+03:00,848,Книга,2,93.48
2024-03-27T13:27:33.083+03:00,659,Сноу-Борд,10,92.4
2024-04-22T13:27:33.083+03:00,690,Сноу-Борд,9,35.83
2023-10-18T13:27:33.083+03:00,81,Кружка,10,13.39
2024-01-10T13:27:33.083+03:00,647,Кружка,5,74.72
2023-12-17T13:27:33.083+03:00,245,Молоко,10,29.2
2023-12-22T13:27:33.083+03:00,290,Книга,3,41.47
2024-06-20T13:27:33.083+03:00,248,Ноутбук,1,65.23
2023-11-25T13:27:33.083+03:00,703,Молоко,6,49.14
2024-05-19T13:27:33.083+03:00,763,Кружка,2,97.22
2023-09-04T13:27:33.083+03:00,268,Кружка,6,84.57
2024-01-15T13:27:33.083+03:00,168,Ноутбук,6,23.41
2024-02-19T13:27:33.083+03:00,362,Сноу-Борд,8,80.52
2023-08-13T13:27:33.083+03:00,85,Сноу-Борд,8,79.71
2024-06-18T13:27:33.083+03:00,855,Молоко,10,99.38
2023-08-20T13:27:33.083+03:00,887,Книга,6,76.2
2024-05-26T13:27:33.083+03:00,191,Книга,6,44.57
2023-08-01T13:27:33.083+03:00,299,Ноутбук,2,54.61
2023-08-08T13:27:33.083+03:00,793,Кружка,8,94.73
2024-03-19T13:27:33.083+03:00,197,Ноутбук,1,38.3
2024-05-16T13:27:33.083+03:00,363,Молоко,4,68.08
2023-09-30T13:27:33.083+03:00,652,Кружка,4,78.95
2023-07-21T13:27:33.083+03:00,446,Молоко,7,15.61
2023-07-18T13:27:33.083+03:00,915,Сноу-Борд,1,68.7
2024-03-13T13:27:33.083+03:00,951,Сноу-Борд,7,85.33
2024-05-22T13:27:33.083+03:00,282,Книга,6,13.69
2023-12-21T13:27:33.083+03:00,970,Ноутбук,8,36.16
2024-06-27T13:27:33.083+03:00,177,Молоко,8,65.22
2023-09-05T13:27:33.083+03:00,487,Книга,3,51.84
2024-01-28T13:27:33.083+03:00,237,Книга,5,89.33
2024-05-11T13:27:33.083+03:00,33,Книга,6,63.83
2023-10-15T13:27:33.083+03:00,669,Молоко,9,94.27
2023-11-23T13:27:33.083+03:00,873,Ноутбук,1,23.6
2024-03-08T13:27:33.083+03:00,987,Сноу-Борд,10,54.76
2024-05-14T13:27:33.083+03:00,153,Ноутбук,10,93.33
2024-06-13T13:27:33.083+03:00,368,Сноу-Борд,3,64.62
2023-12-05T13:27:33.083+03:00,127,Молоко,10,90.74
2024-03-11T13:27:33.083+03:00,371,Кружка,8,44.56
2024-02-20T13:27:33.083+03:00,834,Ноутбук,6,61.6
2023-09-01T13:27:33.083+03:00,550,Ноутбук,4,28.86
2023-11-28T13:27:33.083+03:00,22,Ноутбук,10,49.19
2024-05-24T13:27:33.083+03:00,604,Ноутбук,1,31.05
2023-11-01T13:27:33.083+03:00,968,Молоко,3,31.76
2023-11-17T13:27:33.083+03:00,457,Сноу-Борд,9,59.45
2024-03-10T13:27:33.083+03:00,627,Книга,5,68.64
2023-09-29T13:27:33.083+03:00,981,Кружка,3,19.53
2023-11-17T13:27:33.083+03:00,125,Сноу-Борд,4,38.54
2024-01-19T13:27:33.083+03:00,947,Кружка,3,83.81
2024-04-11T13:27:33.083+03:00,737,Сноу-Борд,10,56.98
2024-03-27T13:27:33.083+03:00,478,Сноу-Борд,7,98.33
2024-03-16T13:27:33.083+03:00,249,Сноу-Борд,10,87.5
2023-07-18T13:27:33.083+03:00,142,Молоко,8,82.31
2024-03-17T13:27:33.083+03:00,159,Книга,8,38.23
2024-03-26T13:27:33.083+03:00,175,Книга,3,99.12
2023-09-25T13:27:33.083+03:00,104,Кружка,3,29.5
2024-01-12T13:27:33.083+03:00,778,Книга,2,45.32
2023-09-12T13:27:33.083+03:00,104,Молоко,10,59.98
2024-02-20T13:27:33.083+03:00,217,Книга,1,73.0
2024-06-06T13:27:33.083+03:00,227,Кружка,2,60.98
2024-04-08T13:27:33.083+03:00,841,Сноу-Борд,1,15.02
2023-12-16T13:27:33.083+03:00,105,Молоко,5,37.25
2023-12-03T13:27:33.083+03:00,722,Кружка,1,89.79
2023-12-05T13:27:33.083+03:00,15,Кружка,4,87.12
2024-04-20T13:27:33.083+03:00,557,Книга,6,59.0
2024-04-02T13:27:33.083+03:00,783,Ноутбук,2,35.29
2024-01-30T13:27:33.083+03:00,190,Молоко,4,26.03
2024-05-14T13:27:33.083+03:00,869,Книга,10,27.88
2024-01-29T13:27:33.083+03:00,309,Ноутбук,9,49.4
2024-04-20T13:27:33.083+03:00,361,Ноутбук,10,91.37
2023-07-03T13:27:33.083+03:00,833,Сноу-Борд,7,14.17
2024-06-03T13:27:33.083+03:00,25,Кружка,8,47.55
2023-11-14T13:27:33.083+03:00,530,Кружка,1,97.6
2023-11-17T13:27:33.083+03:00,847,Сноу-Борд,8,75.12
2024-01-14T13:27:33.083+03:00,995,Книга,2,25.32
2023-08-29T13:27:33.083+03:00,221,Молоко,8,99.48
2024-02-19T13:27:33.083+03:00,847,Книга,6,18.71
2023-08-11T13:27:33.083+03:00,997,Сноу-Борд,7,80.56
2023-07-31T13:27:33.083+03:00,806,Книга,2,88.02
2024-01-20T13:27:33.083+03:00,637,Молоко,1,64.98
2023-08-26T13:27:33.083+03:00,874,Ноутбук,9,93.95
2024-02-09T13:27:33.083+03:00,147,Кружка,9,69.66
2024-06-19T13:27:33.083+03:00,590,Кружка,8,74.32
2023-10-11T13:27:33.083+03:00,223,Книга,1,28.73
2024-04-19T13:27:33.083+03:00,825,Кружка,6,44.02
2024-01-12T13:27:33.083+03:00,68,Ноутбук,6,66.93
2024-04-25T13:27:33.083+03:00,595,Молоко,4,94.85
2023-08-18T13:27:33.083+03:00,47,Ноутбук,4,17.24
2024-04-29T13:27:33.083+03:00,24,Ноутбук,5,78.3
2024-01-15T13:27:33.083+03:00,454,Молоко,9,92.05
2024-05-21T13:27:33.083+03:00,332,Сноу-Борд,3,22.7
2023-10-14T13:27:33.083+03:00,247,Сноу-Борд,8,45.11
2024-05-09T13:27:33.083+03:00,417,Молоко,2,46.38
2024-05-05T13:27:33.083+03:00,569,Кружка,4,45.53
2023-12-19T13:27:33.083+03:00,927,Книга,6,78.32
2024-01-29T13:27:33.083+03:00,165,Сноу-Борд,4,19.54
2024-04-25T13:27:33.083+03:00,113,Кружка,2,59.85
2023-08-16T13:27:33.083+03:00,164,Сноу-Борд,6,76.28
2023-08-14T13:27:33.083+03:00,187,Ноутбук,4,13.61
2023-07-22T13:27:33.083+03:00,255,Молоко,1,48.2
2024-06-24T13:27:33.083+03:00,564,Сноу-Борд,9,33.37
2023-12-23T13:27:33.083+03:00,212,Молоко,3,20.6
2024-03-22T13:27:33.083+03:00,917,Сноу-Борд,10,55.73
2023-11-04T13:27:33.083+03:00,736,Сноу-Борд,1,55.38
2024-06-01T13:27:33.083+03:00,647,Ноутбук,4,13.85
2024-05-10T13:27:33.083+03:00,288,Кружка,4,56.88
2023-09-07T13:27:33.083+03:00,690,Молоко,1,31.53
2023-08-31T13:27:33.083+03:00,476,Книга,4,97.05
2024-05-05T13:27:33.083+03:00,130,Кружка,4,98.43
2023-08-09T13:27:33.083+03:00,532,Молоко,8,34.11
2023-09-07T13:27:33.083+03:00,768,Сноу-Борд,9,62.73
2023-08-23T13:27:33.083+03:00,736,Ноутбук,4,56.52
2023-10-01T13:27:33.083+03:00,176,Кружка,5,53.39
2023-11-25T13:27:33.083+03:00,303,Молоко,6,30.85
2023-12-20T13:27:33.083+03:00,574,Кружка,10,18.08
2024-04-27T13:27:33.083+03:00,609,Кружка,3,25.08
2024-02-23T13:27:33.083+03:00,722,Ноутбук,9,91.9
2023-09-28T13:27:33.083+03:00,773,Сноу-Борд,5,15.72
2024-04-05T13:27:33.084+03:00,19,Сноу-Борд,6,55.6
2023-08-28T13:27:33.084+03:00,253,Молоко,5,81.08
2024-01-13T13:27:33.084+03:00,905,Молоко,5,18.49
2024-02-20T13:27:33.084+03:00,276,Ноутбук,1,46.86
2023-11-25T13:27:33.084+03:00,385,Кружка,9,62.69
2023-08-10T13:27:33.084+03:00,274,Молоко,6,39.53
2023-07-26T13:27:33.084+03:00,632,Сноу-Борд,1,62.46
2024-04-20T13:27:33.084+03:00,828,Ноутбук,2,36.97
2024-05-23T13:27:33.084+03:00,133,Кружка,9,94.06
2024-05-13T13:27:33.084+03:00,706,Ноутбук,5,19.61
2023-10-12T13:27:33.084+03:00,757,Ноутбук,3,69.1
2023-12-01T13:27:33.084+03:00,750,Сноу-Борд,4,16.31
2023-08-09T13:27:33.084+03:00,366,Сноу-Борд,1,87.61
2024-06-08T13:27:33.084+03:00,987,Молоко,3,69.94
2023-07-13T13:27:33.084+03:00,633,Молоко,3,94.05
2023-09-04T13:27:33.084+03:00,364,Книга,2,33.82
2023-07-04T13:27:33.084+03:00,54,Книга,6,42.18
2023-07-20T13:27:33.084+03:00,729,Сноу-Борд,2,59.17
2023-07-28T13:27:33.084+03:00,431,Книга,5,97.96
2023-10-29T13:27:33.084+03:00,123,Молоко,3,46.85
2024-03-28T13:27:33.084+03:00,353,Кружка,1,98.03
2024-02-20T13:27:33.084+03:00,476,Молоко,8,59.02
2023-08-05T13:27:33.084+03:00,533,Молоко,10,13.99
2023-09-29T13:27:33.084+03:00,977,Книга,1,50.01
2023-09-11T13:27:33.084+03:00,646,Кружка,10,52.94
2024-05-26T13:27:33.084+03:00,575,Кружка,4,48.09
2023-09-25T13:27:33.084+03:00,363,Книга,1,68.99
2024-06-27T13:27:33.084+03:00,656,Молоко,2,48.1
2023-09-07T13:27:33.084+03:00,72,Сноу-Борд,2,90.76
2023-11-10T13:27:33.084+03:00,510,Ноутбук,4,99.04
2023-11-26T13:27:33.084+03:00,345,Сноу-Борд,3,61.46
2023-09-26T13:27:33.084+03:00,279,Ноутбук,2,25.12
2023-09-09T13:27:33.084+03:00,655,Кружка,5,47.73
2023-09-19T13:27:33.084+03:00,186,Книга,3,83.11
2023-07-16T13:27:33.084+03:00,267,Книга,10,27.16
2023-09-21T13:27:33.084+03:00,811,Книга,9,89.22
2023-12-04T13:27:33.084+03:00,158,Сноу-Борд,1,57.03
2023-08-16T13:27:33.084+03:00,901,Книга,10,21.4
2024-03-11T13:27:33.084+03:00,172,Молоко,10,25.83
2023-07-30T13:27:33.084+03:00,955,Ноутбук,8,63.92
2023-09-04T13:27:33.084+03:00,577,Книга,2,54.71
2023-11-21T13:27:33.084+03:00,202,Молоко,1,98.09
2024-05-03T13:27:33.084+03:00,988,Книга,1,26.2
2024-04-24T13:27:33.084+03:00,237,Молоко,2,22.44
2024-05-01T13:27:33.084+03:00,302,Молоко,5,20.43
2024-01-08T13:27:33.084+03:00,194,Сноу-Борд,2,60.92
2023-12-03T13:27:33.084+03:00,632,Сноу-Борд,10,26.51
2023-11-29T13:27:33.084+03:00,592,Кружка,5,24.67
2023-12-11T13:27:33.084+03:00,244,Книга,10,49.41
2023-07-07T13:27:33.084+03:00,112,Кружка,7,68.85
2023-08-22T13:27:33.084+03:00,246,Кружка,2,71.73
2023-08-13T13:27:33.084+03:00,790,Книга,4,43.45
2024-03-30T13:27:33.084+03:00,812,Книга,10,30.06
2023-07-04T13:27:33.084+03:00,344,Кружка,6,76.96
2023-09-13T13:27:33.084+03:00,313,Кружка,7,67.57
2024-03-29T13:27:33.084+03:00,111,Кружка,2,83.95
2024-06-21T13:27:33.084+03:00,143,Кружка,2,96.48
2023-08-09T13:27:33.084+03:00,800,Книга,1,88.09
2023-10-12T13:27:33.084+03:00,868,Сноу-Борд,2,63.81
2023-07-30T13:27:33.084+03:00,711,Кружка,1,36.84
2023-08-07T13:27:33.084+03:00,935,Молоко,6,50.21
2024-03-01T13:27:33.084+03:00,417,Молоко,9,54.49
2024-01-08T13:27:33.084+03:00,630,Молоко,7,29.89
2023-08-30T13:27:33.084+03:00,904,Ноутбук,8,73.66
2024-06-09T13:27:33.084+03:00,786,Ноутбук,5,50.23
2024-02-25T13:27:33.084+03:00,286,Сноу-Борд,2,88.97
2023-12-25T13:27:33.084+03:00,904,Книга,9,10.52
2023-07-22T13:27:33.084+03:00,149,Книга,8,66.29
2023-08-13T13:27:33.084+03:00,572,Книга,1,56.79
2023-07-18T13:27:33.084+03:00,78,Кружка,4,72.96
2024-05-23T13:27:33.084+03:00,660,Кружка,3,82.67
2023-07-31T13:27:33.084+03:00,823,Кружка,3,80.71
2024-04-24T13:27:33.084+03:00,660,Сноу-Борд,9,92.66
2023-11-12T13:27:33.084+03:00,349,Ноутбук,10,46.87
2023-08-12T13:27:33.084+03:00,742,Сноу-Борд,10,89.63
2024-01-20T13:27:33.084+03:00,404,Сноу-Борд,1,97.07
2024-02-15T13:27:33.084+03:00,955,Молоко,10,22.48
2024-01-09T13:27:33.084+03:00,783,Ноутбук,10,96.72
2024-03-09T13:27:33.084+03:00,702,Молоко,10,27.18
2024-06-29T13:27:33.084+03:00,255,Кружка,6,70.63
2023-12-18T13:27:33.084+03:00,635,Книга,5,21.94
2024-06-17T13:27:33.084+03:00,556,Сноу-Борд,5,93.39
2024-04-30T13:27:33.084+03:00,213,Молоко,7,42.71
2024-05-28T13:27:33.084+03:00,932,Книга,6,69.11
2024-01-31T13:27:33.084+03:00,809,Ноутбук,8,56.73
2024-02-27T13:27:33.084+03:00,536,Ноутбук,3,88.17
2024-01-29T13:27:33.084+03:00,368,Молоко,8,77.5
2024-04-03T13:27:33.084+03:00,457,Ноутбук,9,11.54
2023-08-23T13:27:33.084+03:00,314,Молоко,3,28.98
2024-03-01T13:27:33.084+03:00,327,Книга,6,60.02
2023-12-04T13:27:33.084+03:00,855,Молоко,6,94.14
2023-08-30T13:27:33.084+03:00,483,Молоко,8,75.57
2023-09-29T13:27:33.084+03:00,394,Книга,9,83.94
2024-06-23T13:27:33.084+03:00,341,Книга,10,82.63
2023-10-24T13:27:33.084+03:00,592,Сноу-Борд,1,12.87
2024-05-06T13:27:33.084+03:00,304,Книга,3,13.59
2023-11-23T13:27:33.084+03:00,645,Ноутбук,6,85.67
2023-12-03T13:27:33.084+03:00,818,Книга,7,72.11
2024-01-07T13:27:33.084+03:00,411,Книга,7,63.77
2024-01-19T13:27:33.084+03:00,571,Молоко,2,65.1
2023-12-13T13:27:33.084+03:00,510,Молоко,2,35.64
2023-12-31T13:27:33.084+03:00,763,Молоко,9,56.42
2023-08-06T13:27:33.084+03:00,965,Книга,10,48.97
2024-06-23T13:27:33.084+03:00,792,Молоко,8,70.4
2023-12-12T13:27:33.084+03:00,978,Книга,9,52.07
2023-10-09T13:27:33.084+03:00,21,Кружка,10,83.19
2023-07-28T13:27:33.084+03:00,719,Ноутбук,2,14.38
2023-07-18T13:27:33.084+03:00,619,Молоко,8,45.5
2023-08-27T13:27:33.084+03:00,471,Кружка,9,21.27
2023-07-16T13:27:33.084+03:00,500,Молоко,1,61.74
2023-07-31T13:27:33.084+03:00,776,Ноутбук,2,26.19
2024-01-18T13:27:33.084+03:00,915,Молоко,5,20.62
2024-03-22T13:27:33.084+03:00,953,Кружка,8,40.3
2024-03-26T13:27:33.084+03:00,456,Ноутбук,7,27.53
2024-05-03T13:27:33.084+03:00,545,Сноу-Борд,4,69.32
2024-01-18T13:27:33.084+03:00,527,Сноу-Борд,8,58.42
2023-11-14T13:27:33.084+03:00,452,Ноутбук,3,16.64
2024-03-28T13:27:33.084+03:00,637,Книга,6,78.7
2023-12-17T13:27:33.084+03:00,339,Ноутбук,8,93.99
2023-09-13T13:27:33.084+03:00,747,Ноутбук,10,89.9
2024-05-25T13:27:33.084+03:00,404,Кружка,4,68.64
2024-04-19T13:27:33.084+03:00,262,Сноу-Борд,9,53.93
2023-12-01T13:27:33.084+03:00,877,Молоко,5,13.1
2023-09-10T13:27:33.084+03:00,478,Сноу-Борд,8,23.25
2024-01-08T13:27:33.084+03:00,351,Сноу-Борд,6,91.57
2023-09-16T13:27:33.084+03:00,480,Ноутбук,4,40.13
2023-07-28T13:27:33.084+03:00,233,Кружка,10,18.15
2024-02-25T13:27:33.084+03:00,61,Сноу-Борд,3,28.45
2023-10-28T13:27:33.084+03:00,851,Кружка,5,67.89
2023-07-29T13:27:33.084+03:00,491,Молоко,1,42.01
